ID,Title,Company,Location
https://kr.indeed.com/viewjob?jk=c9b819accb580f4d,Data Engineer (Kafka) (토스),비바리퍼블리카,서울 강남구
https://kr.indeed.com/viewjob?jk=1015284880e2ff62,라인프렌즈 2022년 각 부문 수시,라인프렌즈,서울 용산구
https://kr.indeed.com/viewjob?jk=61dcca5896040150,[NAVER Z] 데이터 엔지니어,네이버제트,성남 분당구
https://kr.indeed.com/viewjob?jk=05f6d06df94fe088,"웹프로그래머 모집(경력) / PHP, Python의 기업정보",제트핑거소프트,인천 갈산동
https://kr.indeed.com/viewjob?jk=44e9ac7f0f94e784,한국필립모리스 2022년 상반기 수시,한국필립모리스㈜,서울 영등포구
https://kr.indeed.com/viewjob?jk=01c2a5063e2e938a,"웹프로그래머 (경력) / PHP, Python , Java",제트핑거소프트,인천 부평구
https://kr.indeed.com/viewjob?jk=ce40ca2273ace634,웹프로그래머 모집,제트핑거소프트,인천 갈산동
https://kr.indeed.com/viewjob?jk=f6e8740c369a1a55,[개발자 ] 빅데이터플랫폼 / Python 개발 경력자,핸디소프트,안양 동안구
https://kr.indeed.com/viewjob?jk=7d25ed345d03c120,빅데이터 플랫폼(인프라) 운영 담당자 영입,카카오페이증권,성남 분당구
https://kr.indeed.com/viewjob?jk=b9662c8f23d56bb6,Backend Developer (Python/Senior/6년이상),위대한상상,서울 서초구
https://kr.indeed.com/viewjob?jk=b6a035d43f41e23b,(인천 송도) 인공지능(AI)분야 Python 개발 인력,애나,인천 연수구
https://kr.indeed.com/viewjob?jk=02ec96beb3baaffb,Python Developer (Internal Product),비바리퍼블리카,서울 강남구
https://kr.indeed.com/viewjob?jk=d364360d1e0368e3,Python 기반 빅데이터 처리 개발자,드림어스컴퍼니,서울 서초구
https://kr.indeed.com/viewjob?jk=cc3862d1bc48513b,"인공지능(AI), Python(응용프로그램 개발자) 외 신입/경력 정규직",쿠노소프트,서울 성북구
https://kr.indeed.com/viewjob?jk=60e98c228e2e652b,IT 디지털혁신실 채용,동화기업,인천 가좌동
https://kr.indeed.com/viewjob?jk=9609046bae521875,[IT개발] Python 웹 개발자 모집 (과장급 이상),통로,서울
https://kr.indeed.com/viewjob?jk=8e01d12718384a31,"[누리어시스템] 금융 SI/SM 정규직 개발자 (Java, Python)",누리어시스템,경기도 하남
https://kr.indeed.com/viewjob?jk=afcf245c3045a6a4,"[AI Human 솔루션 개발 기업] Python, 머신러닝(ML) 경력 정규직",에이스파트너스서치펌,서울 강남구
https://kr.indeed.com/viewjob?jk=79fc62d1be1499bd,IT부문 우수인재 (병역특례 포함),코리아피디에스,서울 마포구
https://kr.indeed.com/viewjob?jk=1a66a679bcbc9f5b,2022년 파이썬활용 빅데이터 분석 전문가 국비무료 양성과정,한국산업기술협회,서울 금천구
https://kr.indeed.com/viewjob?jk=24a355df222e6d09,"[주4일근무] Java, Javascript Web 개발자",아이디알인비전,서울 구로구
https://kr.indeed.com/viewjob?jk=371a62fc01c63519,"Mondrian AI개발자 (Web, 프론트엔드, 백엔드)",몬드리안에이아이,인천 연수구
https://kr.indeed.com/viewjob?jk=4abf59df14cb4390,서버 개발자 Python(Django) Developer (주니어),아테나스랩,서울 마포구
https://kr.indeed.com/viewjob?jk=725bb4f34ac8c102,Data Engineer & Scientist,LG전자,서울 영등포구
https://kr.indeed.com/viewjob?jk=c52766afe00c8d63,[TmaxOS/R&D] OS부문 개발자,티맥스소프트,성남 분당구
https://kr.indeed.com/viewjob?jk=8bc7fa4de46addd9,2022년 한국자동차연구원 자동화제어 전문인력 양성교육 교육생,한국자동차연구원,충청남도
https://kr.indeed.com/viewjob?jk=1591e686cb939d3a,각 부문 신입/경력 직원,한국전자금융,서울 마포구
https://kr.indeed.com/viewjob?jk=95050187bed82519,공정/장비 분야 경력사원,LG디스플레이,경기도 파주
https://kr.indeed.com/viewjob?jk=d907329ce83b7fc7,ESS 기반 에너지 블록체인 전력거래 서비스 추가 개발 및 운영 백엔드 개발자,텔다,서울 강북구
https://kr.indeed.com/viewjob?jk=8dfbdc4d2502d370,S/W 개발자,포산인더스트리,고양 일산동구
https://kr.indeed.com/viewjob?jk=3baeeb38be431566,"R&D Engineer, Sr Staff",Synopsys,경기도 성남
https://kr.indeed.com/viewjob?jk=a766d0ea9ca2d0e1,소프트웨어 및 웹 개발자,아이엠알,광주 북구
https://kr.indeed.com/viewjob?jk=1d78085e973ecd3c,[TmaxEdu/R&D] 연구 개발자,티맥스소프트,성남 분당구
https://kr.indeed.com/viewjob?jk=0dad27533fee10c3,[마블러스] 백엔드 개발자 주니어/시니어,마블러스,대한민국
https://kr.indeed.com/viewjob?jk=c958cac61618994e,[위메프] 보안개발 엔지니어,위메프,대한민국
https://kr.indeed.com/viewjob?jk=81ef764c2c93b3c3,B2B 디지털 마케터,LG전자,서울특별시
https://kr.indeed.com/viewjob?jk=244017684ac76c13,[통합 커머스 플랫폼] STT 개발,커리어라임즈,서울 동작구
https://kr.indeed.com/viewjob?jk=74dd680945a195f3,AI Frameworks Engineer Intern,Intel,서울
https://kr.indeed.com/viewjob?jk=07aab0cc98af9ffe,AI Frameworks Engineer,Intel,서울
https://kr.indeed.com/viewjob?jk=f3c73d17b9f35e27,2022년 AIFFEL AI 인공지능 전문교육,모두의연구소,서울 강남구
https://kr.indeed.com/viewjob?jk=4fa967717bdeacf1,[TmaxFinTech/R&D] AI & FinTech 프론트엔드 개발자,티맥스소프트,성남 분당구
https://kr.indeed.com/viewjob?jk=2ad2f02e018a3e22,Data Scientist (산업기능요원/전문연구요원),비바리퍼블리카,서울 강남구
https://kr.indeed.com/viewjob?jk=e6e2d3024e1c47a2,Backend Developer (Python/Tech Lead),위대한상상,서울 서초구
https://kr.indeed.com/viewjob?jk=72920399836a553f,클라우드 기반 서비스 앱 개발,클로봇,성남 분당구
https://kr.indeed.com/viewjob?jk=fa437c41d626fa59,Deep Learning Software Engineer 개발자,사피온코리아,경기도
https://kr.indeed.com/viewjob?jk=a12731dc5b2871ba,[뉴플랫폼기술] 클라우드 엔지니어,한국카카오은행,성남 분당구
https://kr.indeed.com/viewjob?jk=27efbf31dc7befc6,[3년 이상] Analytics/Data Angineer,아이디케이스퀘어드,서울 중구
https://kr.indeed.com/viewjob?jk=13b675c6f73ff110,Software Engineer,GE Healthcare,경기도 성남
https://kr.indeed.com/viewjob?jk=6b559cce240c9013,양산기술,고영테크놀러지,경기도 광명
https://kr.indeed.com/viewjob?jk=ee1afa2eee7a3b0f,영상 데이터 검수자,에스케이텔레콤,서울 종로구
https://kr.indeed.com/viewjob?jk=872035f47cfd4850,자산운용팀 전략/리스크팀 퀀트(겨울방학 인턴),마이퍼스트에셋자산운용,대한민국
https://kr.indeed.com/viewjob?jk=81ef4202ca4b21f3,Server Developer (Platform)(토스뱅크),비바리퍼블리카,서울 강남구
https://kr.indeed.com/viewjob?jk=e30fe92d72ceb17c,"자율 주행, 로봇 SW 개발자",에바,성남 수정구
https://kr.indeed.com/viewjob?jk=22b129d5a80b2fdc,Data Engineer (Analytics) (토스),비바리퍼블리카,서울 강남구
https://kr.indeed.com/viewjob?jk=9f91ece4e66ef5a9,소프트웨어개발자(정규직) 신입/경력 정규직 병역특례전문요원가능업체,지브레인,인천 연수구
https://kr.indeed.com/viewjob?jk=1e7271e69ef269da,"JAVA, Python, R, C, C++ 외 신입/경력 개발자 정규직",이지서티,서울 강남구
https://kr.indeed.com/viewjob?jk=a91e307a449bbf1f,"Charging Operations Specialist, APAC Charging (English Speak...",Tesla,서울 강남구
https://kr.indeed.com/viewjob?jk=78e99625e5de3c95,전문연구요원 (병역특례) 수시 (AI / HW 분야),딥엑스,성남 분당구
https://kr.indeed.com/viewjob?jk=51df90967b46e8f0,[외국계 스타트업 미소] Business Analyst,유한회사 미소,서울
https://kr.indeed.com/viewjob?jk=91d70a1c047dec60,IT Ops Engineer,비바리퍼블리카,서울 강남구
https://kr.indeed.com/viewjob?jk=5e93a5813609a953,[SNOW] 렌더링 엔진 개발자,스노우,성남 분당구
https://kr.indeed.com/viewjob?jk=44f52ea73a6d25da,기술 문서 작성 전문가,딥엑스,성남 분당구
https://kr.indeed.com/viewjob?jk=ca8748df70f08f71,Software개발자 신입/경력 정규직,메디코아,경기도 하남
https://kr.indeed.com/viewjob?jk=f8fe6fe8d5e8f401,"Student Training in Engineering Program (STEP) 2022, People...",Google,대한민국
https://kr.indeed.com/viewjob?jk=3a3f0bb42abb32cf,2022년 상반기 정보보안 엔지니어 - 취약점파트,인섹시큐리티,서울 금천구
https://kr.indeed.com/viewjob?jk=227cc2b8f27d02d9,Diploma Student / Intern_Linux/C++/Python,SAP,서울
https://kr.indeed.com/viewjob?jk=016de9bb83a8032d,JR0186078 AI Research Engineer Intern,인텔코리아,서울
https://kr.indeed.com/viewjob?jk=60c8f5cd6cb61e92,BackEnd Engineer,Streami,서울
https://kr.indeed.com/viewjob?jk=f5db967bfdd0390f,빅데이터 리더 정규직,hTLM HR,안양 동안구
https://kr.indeed.com/viewjob?jk=37b6354b019c100d,"프론트엔드,백엔드,딥러닝,풀스택 개발자 모집",아이디어콘서트 관심기업,성남 시흥동
https://kr.indeed.com/viewjob?jk=f94fd2fd0e93cb5c,[데이터 프로덕트] 데이터 엔지니어 모집,카카오,성남 판교역
https://kr.indeed.com/viewjob?jk=3b87765d229792d6,[kt cloud] Cloud운영 분야 경력직,케이티클라우드,서울 강남구
https://kr.indeed.com/viewjob?jk=f70508d3d422add5,2022 비플라이소프트 인재,비플라이소프트,서울 광진구
https://kr.indeed.com/viewjob?jk=d34043b8159ef58b,"웹개발, 로봇지능개발자 외 경력 정규직",한솔인티큐브,서울 마포구
https://kr.indeed.com/viewjob?jk=3e33fb90418e675a,[INEEJI]예측/최적화 서비스 AI 엔지니어/프론트엔드 개발자,인이지,성남 수정구
https://kr.indeed.com/viewjob?jk=2f56d4b70c1df086,하반기 인턴직 모집,한솔그룹,서울 을지로2가
https://kr.indeed.com/viewjob?jk=1a059b2ec03cd48d,2022년 6월 R&D(CTO) 경력사원 (Pack),LG에너지솔루션,과천 과천시
https://kr.indeed.com/viewjob?jk=e684cb2d1a258175,[KREAM] Server 개발자,크림,성남 분당구
https://kr.indeed.com/viewjob?jk=ae9f37dbc439d2d4,[B Live Div.] Data Analyst (경력 무관),크래프톤,성남 분당구
https://kr.indeed.com/viewjob?jk=a8c3f1f09beeeff0,R&D Center AI Deep Learning Researcher AI 딥러닝 연구원 (전문연구요원),클레온,서울 성동구
https://kr.indeed.com/viewjob?jk=ecb3336954ab1c4c,국제경제/원자재시장 애널리스트 안내(병특 포함),코리아피디에스,서울 마포구
https://kr.indeed.com/viewjob?jk=287a2f9783758916,한국행동과학연구소 각 부문 수시,한국행동과학연구소,서울 강남구
https://kr.indeed.com/viewjob?jk=d83fc0dd2641f483,전문연구요원 (병역특례) 수시 (AI / SW 분야),딥엑스,성남 분당구
https://kr.indeed.com/viewjob?jk=ff78609c3b02a9b6,"Solutions Architcet 전문가 (과장/이사급 10명 이상) , 아마존 AWS (강남 테헤란로",코어포인트,서울 강남구
https://kr.indeed.com/viewjob?jk=9ad1c62de72e1efa,Senior Site Reliability Engineer,Reify Health,대한민국
https://kr.indeed.com/viewjob?jk=8251fec871096ecb,[일본계 대기업] FAE (Field Application Engineer) 신입,더라이징스타에스,서울 영등포구
https://kr.indeed.com/viewjob?jk=e91b5984e7f5d3fd,"데이터베이스개발자, 웹개발 신입/경력 정규직",여의도사람들,서울 영등포구
https://kr.indeed.com/viewjob?jk=73c278df8ebec242,"Principal, Camp Space Capacity Planning",Coupang,서울
https://kr.indeed.com/viewjob?jk=8e91aa6c93de1790,딥엑스 NPU SDK (DXNN) 개발 엔지니어,딥엑스,성남 분당구
https://kr.indeed.com/viewjob?jk=ac9068957c550cb3,데이터 전문가(모델러/분석가/엔지니어) 모집,카카오,성남 판교역
https://kr.indeed.com/viewjob?jk=c3f744b7159c74be,"Android, 무인 항공기 시스템개발자 외 신입/경력 정규직",보라,경기도 화성
https://kr.indeed.com/viewjob?jk=88f69d5c8d3d30e6,"Deep Learning Engineer 딥러닝 엔지니어 계약직 (전문연구요원, 정규직 전환 가능)",클레온,서울 성동구
https://kr.indeed.com/viewjob?jk=134bd42f548315db,Recruitment for Verification Engineer,Harman International,서울
https://kr.indeed.com/viewjob?jk=1bd3260f3414da58,침해분석대응 (CERT) 인력 모집,엔씨소프트,성남 판교역
https://kr.indeed.com/viewjob?jk=3415a2ec10f41d98,[램플코딩학원] 온오프라인 코딩 강사,밸류에잇 벤처스,대전 서구
https://kr.indeed.com/viewjob?jk=81db0a6c5d874e40,차세대 AAA 게임 테크니컬 아티스트 모집,엔씨소프트,성남 판교역
https://kr.indeed.com/viewjob?jk=f870e8c6ab4babcf,데이터 엔지니어/클라우드 엔지니어/데이터 플랫폼 개발분야 경력사원,LG전자,서울특별시
https://kr.indeed.com/viewjob?jk=2fdc7658c0d3c491,[뉴플랫폼기술] 클라우드 엔지니어(보안),한국카카오은행,성남 분당구
https://kr.indeed.com/viewjob?jk=57cc47d5b3d44a87,"웹개발자 백엔드&프런트엔드&서버개발(HTML·DHTML·mHTML, JAVA 외) 신입/경력 정규직",블록스퀘어서울,서울 서초구
https://kr.indeed.com/viewjob?jk=1527318b5106a26e,[웹젠] 보안분석(경력),웹젠,성남 분당구
https://kr.indeed.com/viewjob?jk=1d0e51e2e431995b,[농심ENG] 신입/경력사원 정기채용,농심그룹,서울 신대방동
https://kr.indeed.com/viewjob?jk=a6d588f9d7bea248,[데이터엔지니어링팀] Data Engineer (시니어),직방,서울 종로구
https://kr.indeed.com/viewjob?jk=8ab99f09dbabedc5,Software Engineer Intern,Intel,서울
https://kr.indeed.com/viewjob?jk=e6f79134827d23a7,데이터분석 전문가 모집,11번가,서울 남대문로5가
https://kr.indeed.com/viewjob?jk=60568b5c80ce31db,[CA] 웹 스크래핑 엔지니어,한국카카오은행,성남 분당구
https://kr.indeed.com/viewjob?jk=0b519e19e88aaddf,[하나금융그룹] 데이터엔지니어 모집,하나금융티아이,인천 청라동
https://kr.indeed.com/viewjob?jk=2a5b207c17d06e56,클라우드 부문 인재,신세계아이앤씨,서울 중구
https://kr.indeed.com/viewjob?jk=118b90820b1c0457,[대형증권사] 플랫폼/Back-end 엔지니어,인코리아 프로페셔널,서울 강남구
https://kr.indeed.com/viewjob?jk=4753c1a08c8cb5de,기간제근로자(훈련교사),대한상공회의소,광주 광산구
https://kr.indeed.com/viewjob?jk=8ec455a753f3f4c0,S&T부문 프론트 퀀트 경력직(연봉계약직) 안내(~6.30(목)),KB증권,대한민국
https://kr.indeed.com/viewjob?jk=c334f2377ec7e3e2,코스닥 중견사 Data Scientist,회사명,서울 여의도역
https://kr.indeed.com/viewjob?jk=1826a21949fcd32b,"AI연구원(NLP, CV) (일6시간, 주5일)",웨인힐스벤처스,서울 강서구
https://kr.indeed.com/viewjob?jk=cde0d8631fbe4562,[주4.5일] JAVA 백엔드 개발자,인라이플,서울 구로구
https://kr.indeed.com/viewjob?jk=fc037709d0770796,System SW 엔지니어,딥엑스,성남 분당구
https://kr.indeed.com/viewjob?jk=e756dbeaaecf958e,기술유닛 프로그래밍 전부문(툴/엔진/렌더링/서버/클라이언트),엔픽셀,서울 강남구
https://kr.indeed.com/viewjob?jk=4ae5eb5bb613a826,[클라우드플랫폼실] System Engineering팀 클라우드 엔지니어,야놀자,서울 강남구
https://kr.indeed.com/viewjob?jk=337161876837f7e3,"주니어 백엔드 개발자 경력직, 정규직",클레온,서울 중구
https://kr.indeed.com/viewjob?jk=303d8c644a5f2e0f,DNN 모델 개발 엔지니어,딥엑스,성남 분당구
https://kr.indeed.com/viewjob?jk=50824005a4db2fc1,[EY컨설팅] 금융컨설팅본부 리스크관리 경력 컨설턴트 모집,EY,서울 영등포구
https://kr.indeed.com/viewjob?jk=f7e1a723c4af504f,"Game Operations Specialist, Pico",ByteDance,서울
https://kr.indeed.com/viewjob?jk=72395029c20c2b8f,Cloud Support Associate (SCD),Amazon Web Services Korea LLC,서울
https://kr.indeed.com/viewjob?jk=52bc9ee7e27a1945,보안 취약점 연구원 경력직,에스케이쉴더스,성남 분당구
https://kr.indeed.com/viewjob?jk=2cd8e20643e0dc8d,[진행중] MyData사업부 전문직(데이터 사이언티스트) 채용공고,우리은행,서울 회현동
https://kr.indeed.com/viewjob?jk=f3bb88723c02e360,디지털미디어/영상관리/영상변환 엔지니어 - 글로벌 OTT서비스 기업,에스에프인촌,서울 강남구
https://kr.indeed.com/viewjob?jk=6400870fdfd18c7e,(주)웨이브웨어 2022 년도 (프로그래머),웨이브웨어,대전 유성구
https://kr.indeed.com/viewjob?jk=23a13cbdacf6e086,[NAVER Cloud] 데이터분석가,네이버클라우드,성남 분당구
https://kr.indeed.com/viewjob?jk=80f2346a8552a619,Data Center Operations Engineer,Amzn Corporate Services Korea,서울
https://kr.indeed.com/viewjob?jk=71c47ac87bb4087e,기술 인턴 인공지능 응용 연구/개발 인턴,써로마인드로보틱스,서울 관악구
https://kr.indeed.com/viewjob?jk=6eb93af9f7057d77,[대형증권사] IT퀀트 개발자,인코리아 프로페셔널,서울 강남구
https://kr.indeed.com/viewjob?jk=55c0b40170b7c71a,"QA 엔지니어, 테스터 엔지니어 계약직, 인턴",클레온,서울 중구
https://kr.indeed.com/viewjob?jk=79fb95da6dff4025,하반기 신입(채용 연계형 인턴) 수시채용,홈앤쇼핑,서울 마곡동
https://kr.indeed.com/viewjob?jk=4cc15c26097421c5,"개발자 - Python 프로그래밍과 Java, C 소스코드 분석",바인테크,서울 송파구
https://kr.indeed.com/viewjob?jk=af567ead99730920,[4DREPLAY] Computer Vision[3D Vision] (경력),포디리플레이코리아,서울 강남구
https://kr.indeed.com/viewjob?jk=0af5b81616808b7e,데이터분석,유비케어,서울 구로구
https://kr.indeed.com/viewjob?jk=97aa1e0f915cddbf,일반직 경력직원 모집[정보보안 전문가],코스콤,서울 여의도
https://kr.indeed.com/viewjob?jk=ec5c7ccd76639120,[외국계 스타트업 미소] Data Analyst,유한회사 미소,서울
https://kr.indeed.com/viewjob?jk=e3317c0f4c0e4e13,[AI R&D] Language AI(NLP) Research 분야 수시(22년2차) 모집,엔씨소프트,성남 판교역
https://kr.indeed.com/viewjob?jk=feb386a81317ff9d,[뉴플랫폼기술] Kubernetes Engineer,한국카카오은행,성남 분당구
https://kr.indeed.com/viewjob?jk=4800ed0bd1febca9,"Customer Engineer, Data Analytics, Google Cloud",Google,서울
https://kr.indeed.com/viewjob?jk=45a8a00217c0b7b8,백엔드(경력 3년 이상) 개발자 / 충주,서울소프트,충청북도 충주
https://kr.indeed.com/viewjob?jk=599dd49e865c75f8,통합 log관리 시스템 개발 위한 전문가,에스케이텔레콤,서울 종로구
https://kr.indeed.com/viewjob?jk=a7f849e2285c77b7,11번가 클라우드 엔지니어,십일번가,서울 중구
https://kr.indeed.com/viewjob?jk=d158a6c96bc41b20,[그랑사가] 툴/클라이언트 프로그래머,엔픽셀,서울 강남구
https://kr.indeed.com/viewjob?jk=554e814302b8a380,딥러닝 통한 인공지능 솔루션 개발자,엘세븐시큐리티,서울 송파구
https://kr.indeed.com/viewjob?jk=514c85c88572d3db,딥러닝 알고리즘 개발자,메디픽셀,서울 마포구
https://kr.indeed.com/viewjob?jk=841627a929eda65e,"AI개발자(NLP, CV) (일6시간, 주5일)",웨인힐스벤처스,서울 강서구
https://kr.indeed.com/viewjob?jk=22e1fa22ac23e281,데이터 엔지니어 - Global Leading Consulting Firm,에스에프인촌,서울
https://kr.indeed.com/viewjob?jk=c4bc4cf051f5312d,데이터분석가 - Global Leading Consulting Firm,에스에프인촌,서울
https://kr.indeed.com/viewjob?jk=42fb069bfe5c4224,[하나금융융합기술원] NLP (자연어처리)Text Mining 경력사원 모집,하나금융티아이,인천 청라동
https://kr.indeed.com/viewjob?jk=dc3dc2bda2f740fe,[BATTLEGROUNDS] Anti-Cheat Data Scientists (2년 이상),크래프톤,서울 서초구
https://kr.indeed.com/viewjob?jk=7cb1b2651c130179,MLOps 팀장,LG유플러스,서울특별시
https://kr.indeed.com/viewjob?jk=c9b819accb580f4d,Data Engineer (Kafka) (토스),비바리퍼블리카,서울 강남구
https://kr.indeed.com/viewjob?jk=5133adebeb209d23,AI 모빌리티 서비스의 미래 함께 열어갈 우수한 인재 찾습니다.,라온로드,성남 분당구
https://kr.indeed.com/viewjob?jk=9711f53a7b69dddb,[위메프서비스] 성능테스트 엔지니어,위메프,대한민국
https://kr.indeed.com/viewjob?jk=1601f1bfe3302af5,2022년 상반기 백엔드 개발자,반달소프트,성남 분당구
https://kr.indeed.com/viewjob?jk=20347d23471f071f,DBA(MySQL) (토스페이먼츠),비바리퍼블리카,서울 강남구
https://kr.indeed.com/viewjob?jk=8cfd75acb1c8da0b,Backend 개발,현대카드 캐피탈,서울 영등포구
https://kr.indeed.com/viewjob?jk=59ec7e6a9f7dfb80,"Application Architect, Professional Services",Amazon Web Services Korea LLC,서울
https://kr.indeed.com/viewjob?jk=0beebb8ef8b44601,빅데이터 엔지니어 전문가,에스케이텔레콤,성남 분당구
https://kr.indeed.com/viewjob?jk=03e45c63a31635a0,[광주] Django 백엔드 개발자,라젠,광주 북구
https://kr.indeed.com/viewjob?jk=e3e736b46dbb35cd,[하나금융그룹] 빅데이터 분석 모집,하나금융티아이,인천 청라동
https://kr.indeed.com/viewjob?jk=35f0a25dee5f3312,딥러닝 알고리즘 및 응용 Engineer,딥엑스,성남 분당구
https://kr.indeed.com/viewjob?jk=effbbb23f6fae87d,[인재 Pool / 상시 / 신입] R&D 박사,앰코테크놀로지코리아,인천 연수구
https://kr.indeed.com/viewjob?jk=343928cf14a59bf7,클라우드 (플랫폼 운영),KB데이타시스템,서울 마포구
https://kr.indeed.com/viewjob?jk=ec00955c977d9aa6,2022년도 충청권 AI(인공지능) 교육생,청주대학교산학협력단,청주 상당구
https://kr.indeed.com/viewjob?jk=477d6ad5332ce5a5,Diploma Student / Intern_Software Engineer_Korea,SAP,서울
https://kr.indeed.com/viewjob?jk=c47568a5a71d438e,2022년 ICT이노베이션스퀘어 인공지능(AI)/블록체인 3기 교육생,한국정보기술서비스산업협회,서울
https://kr.indeed.com/viewjob?jk=5ea9ea023c6ccc03,"S/W 엔지니어, 데이터분석 신입/경력 정규직, 인턴",가치랩스,성남 분당구
https://kr.indeed.com/viewjob?jk=9995402263f5816f,[통합 커머스 플랫폼] 빅데이터/검색엔진 개발,커리어라임즈,서울 동작구
https://kr.indeed.com/viewjob?jk=58cc2cc0f2b4d847,[EY한영] 전략·재무자문본부 가치평가팀 파생상품 경력직 모집,EY,서울 영등포구
https://kr.indeed.com/viewjob?jk=0cb4a784529cb1b8,Software Engineer,Google,서울
https://kr.indeed.com/viewjob?jk=8df97f089d8a7d9c,Machine Learning Researcher (Computer Vision),BOEING,서울
https://kr.indeed.com/viewjob?jk=7e84d50ec4d60c1d,네트워크 엔지니어 모집,넷마블,서울 구로구
https://kr.indeed.com/viewjob?jk=9c30497c087dbdbb,Data Scientist,KB데이타시스템,서울 마포구
https://kr.indeed.com/viewjob?jk=53c7c22b9dacbbe3,서버 개발자 Python(Django) Developer (경력),아테나스랩,서울 마포구
https://kr.indeed.com/viewjob?jk=67c19d7ac0857ecd,빅데이터 분야,LG유플러스,서울
https://kr.indeed.com/viewjob?jk=4194fa0c47e2f401,[유명 저축은행] 데이터사이언스 경력 정규직,제이엔커리어,서울
https://kr.indeed.com/viewjob?jk=2e1ff9151bacf64e,위고블록체인 연구소 연구원,위고컴퍼니,서울 서초구
https://kr.indeed.com/viewjob?jk=7b087a0b24742fd5,"자산운용본부 경력직 (자산배분, 대체투자) (~6.26)",흥국생명보험,대한민국
https://kr.indeed.com/viewjob?jk=8d82ffc3587320ea,ML/DL Data Scientist,현대카드 캐피탈,서울 영등포구
https://kr.indeed.com/viewjob?jk=2cf7c1856fd21ed5,Anti-Fraud Manager,비바리퍼블리카,서울 강남구
https://kr.indeed.com/viewjob?jk=bfdab41ec9b9469f,PM(서비스/개발),현대카드 캐피탈,서울 영등포구
https://kr.indeed.com/viewjob?jk=3c6afe132c4ac77c,"자연어 처리, 인공지능, 데이터 사이언스 연구자 및 개발자",렉스코드,서울 서초구
https://kr.indeed.com/viewjob?jk=2da7b0579c99cd46,OpenCV/MATLAB/TensorFlow/Python/C/C++/Linux 알고리즘 엔지니어,더마미러,서울 서초구
https://kr.indeed.com/viewjob?jk=41b0f40594780c2e,백엔드 경력 정규직,라이트비전,서울 성동구
https://kr.indeed.com/viewjob?jk=87309d3ff40ead61,딥러닝 AI 개발 연구원,베이리스,성남 수정구
https://kr.indeed.com/viewjob?jk=941687b6bbb14d81,웹 개발자 경력 Java/Php/Javascript/Python/Html/CSS 등 프로젝트 경력자,바이오브레인,대전 서구
https://kr.indeed.com/viewjob?jk=2016f4a8cff7c186,IT 직무 채용,동화기업,인천 가좌동
https://kr.indeed.com/viewjob?jk=91efe9177f929bdd,컴투버스 개발 지원 시스템 엔지니어 (5년 이상),게임빌컴투스플랫폼,서울 금천구
https://kr.indeed.com/viewjob?jk=ebc91f139cafa428,HR 데이터레이크 운영자,에스케이텔레콤,서울 중구
https://kr.indeed.com/viewjob?jk=67d8fe487c9744cb,[하나금융그룹] 데이터분석 모집,하나금융티아이,인천 청라동
https://kr.indeed.com/viewjob?jk=bdcfb8150f3beed4,"[양재역] AI/빅데이터 Data Scientist (석,박사)",시니어앤파트너즈,서울 서초구
https://kr.indeed.com/viewjob?jk=2bbc49345d4c4254,ML Ops 연구원 정규직,디비엔텍,인천 서구
https://kr.indeed.com/viewjob?jk=eccfb2b90f7444de,[TmaxAI/R&D] NLP/음성 부문 AI모델 개발자(*전문연구요원 병역특례포함),티맥스소프트,성남 분당구
https://kr.indeed.com/viewjob?jk=fcdc3ae2e803744f,"[리얼클래스]백엔드 개발자 (Backend Developer, Python)",퀄슨,서울 강남구
https://kr.indeed.com/viewjob?jk=835324335bc1c7da,[현대무벡스] 경력사원 상시,현대무벡스,서울 종로구
https://kr.indeed.com/viewjob?jk=5bdad1e300c99d78,전산운영 신입사원 모집,스테코,천안 백석동
https://kr.indeed.com/viewjob?jk=03f625f589eadd1e,AI 챗봇 백엔드 JAVA 개발자(5개월/서초구),스피링크,서울
https://kr.indeed.com/viewjob?jk=1cc7e4f43c00bfdb,Data Analyst (토스페이먼츠),비바리퍼블리카,서울 강남구
https://kr.indeed.com/viewjob?jk=b515669e8032265b,[kt ds] 2022년 각 부문별 경력사원 수시,케이티디에스,서울 서초구
https://kr.indeed.com/viewjob?jk=36909585ee88468b,2022년 하반기 인턴십(채용연계형),Bear Robotics,서울
https://kr.indeed.com/viewjob?jk=57222c8d74090de5,WLAN customer engineer,Qcom,경기도 수원
https://kr.indeed.com/viewjob?jk=a27cd33cb789697d,인사운영,NHN,성남 판교역
https://kr.indeed.com/viewjob?jk=b0d41c1e1d898321,BRAIN Research Intern,WorldQuant,서울
https://kr.indeed.com/viewjob?jk=d70c11df372f4076,[EY한영] 세무본부 PAS팀 IT 개발 담당 계약직 채용,EY,서울 영등포구
https://kr.indeed.com/viewjob?jk=4f42f85043f8aa1e,Data Engineer (Platform) (토스신용데이터),비바리퍼블리카,서울 강남구
https://kr.indeed.com/viewjob?jk=b77f04fc405771fa,CS Field Application Productivity competency engineer,ASML,대한민국
https://kr.indeed.com/viewjob?jk=aac8e9355cb855ac,[인재풀] 아티스트 ART,Electronic Arts,서울
https://kr.indeed.com/viewjob?jk=3544467a7b64376f,[전문연구요원] 의료영상 리서치 엔지니어 정규직,메디픽셀,서울 마포구
https://kr.indeed.com/viewjob?jk=97e02d0c7f4ea11f,Cloud 기반 Backend 개발자,에스케이텔레콤,서울 중구
https://kr.indeed.com/viewjob?jk=21c194fa8f26dacb,Data Engineer (토스뱅크),비바리퍼블리카,서울 강남구
https://kr.indeed.com/viewjob?jk=40aa139111032529,Associate Software Engineer (Connected Cabin),BOEING,서울
https://kr.indeed.com/viewjob?jk=e927a1b47b643953,데이터 사이언티스트,DQ LAB PTE. LTD.,서울
https://kr.indeed.com/viewjob?jk=ad695cb2c767be8b,AI Research Engineer Intern,Intel,서울
https://kr.indeed.com/viewjob?jk=f54bac6c78fd3240,코딩에 빠진 수퍼 개발자 (펌웨어 개발),에바,성남 수정구
https://kr.indeed.com/viewjob?jk=b1e2228ee948216c,[네이버계열사][NIT Service] 네이버 파이낸셜 플랫폼 운영,엔아이티서비스,성남 분당구
https://kr.indeed.com/viewjob?jk=56da6890ac68b874,웹프로그래머 (FrontEnd) 기업부설연구소 연구원 #python #js #FullStack #모바일,넥스텝코리아,서울 용산구
https://kr.indeed.com/viewjob?jk=a9043783ae081743,금융 Data scientist,hTLM HR,서울 송파구
https://kr.indeed.com/viewjob?jk=edfee25c375ce03e,EV 충전사업 SW개발 경력사원,LG전자,경기도 평택
https://kr.indeed.com/viewjob?jk=98ce1ef0d218d8c0,"누리기술 C++, Python 소프트웨어 개발자",누리기술,대구 수성구
https://kr.indeed.com/viewjob?jk=d5ba297babedd69d,정보보호 담당자,한국사이버결제,서울 구로구
https://kr.indeed.com/viewjob?jk=e93b11bf395dab9d,해외 시장조사 및 산업조사 인턴,이씨이십일알앤씨,서울 강남구
https://kr.indeed.com/viewjob?jk=bc66b08b52a36821,Server Developer (Platform) (토스증권),비바리퍼블리카,서울 강남구
https://kr.indeed.com/viewjob?jk=2b9e604e63e7e46d,[카카오커머스] 기술직군,카카오커머스,성남 분당구
https://kr.indeed.com/viewjob?jk=055c0d822d5306c9,각 부문 필드엔지니어,마크애니,서울 중구
https://kr.indeed.com/viewjob?jk=9c4163e4d1fe925c,공공 DT 분야 Junior Talent,SK C&C,성남 분당구
https://kr.indeed.com/viewjob?jk=754be9e3d78fa802,2021년 상반기 R&D 개발자 (병역특례 가능/경력 무관),네오스텍,인천 연수구
https://kr.indeed.com/viewjob?jk=95f2e9c9d00faf2e,[빅데이터플랫폼] 데이터 엔지니어,한국카카오은행,성남 분당구
https://kr.indeed.com/viewjob?jk=df21e3bb5d773616,Python Programmer,Mofac,서울 서초구
https://kr.indeed.com/viewjob?jk=53e4209bf86aaf25,Data Scientist,컬리,서울 강남구
https://kr.indeed.com/viewjob?jk=4acaa0a303f64c41,Cloud Developer - SAP HANA Cloud and Databases,SAP,서울
https://kr.indeed.com/viewjob?jk=83a2815f1ca8f012,[수시 ] 개발 부문별 경력자,SK플래닛 Tacademy,성남 분당구
https://kr.indeed.com/viewjob?jk=21a968652918907e,소프트웨어(SW) 개발,리버트론,서울 영등포구
https://kr.indeed.com/viewjob?jk=181cd5bee7a3530c,Server Developer (Machine Learning),비바리퍼블리카,서울 강남구
https://kr.indeed.com/viewjob?jk=abdc136f65ceddd4,AI 분야,LG유플러스,서울
https://kr.indeed.com/viewjob?jk=5b8f9bddd48c704c,인프라개발팀 백엔드 개발자,카카오브이엑스 (KAKAO VX),성남 분당구
https://kr.indeed.com/viewjob?jk=8d43cb4ea87ff50c,[하나금융융합기술원] Computer Vision 경력사원 모집,하나금융티아이,인천 청라동
https://kr.indeed.com/viewjob?jk=00827117dd36c116,Data Engineer (Elasticsearch),비바리퍼블리카,서울 강남구
https://kr.indeed.com/viewjob?jk=14d562d10c215572,"PHP, Python 신입/경력 정규직",비즈부스터,서울 금천구
https://kr.indeed.com/viewjob?jk=c0fb9320f68bb3e7,(인천 송도) 인공지능(AI)분야 Python 개발 인력 구인,주식회사 애나 관심기업,인천 송도동
https://kr.indeed.com/viewjob?jk=02ee281bc6935ab3,고려대학교 산학협력단 직원(데이터엔지니어) 모집,고려대학교,대한민국
https://kr.indeed.com/viewjob?jk=8f24c22668884e53,Data Engineer (Finance),비바리퍼블리카,서울 강남구
https://kr.indeed.com/viewjob?jk=8bfab2a32fc5c737,System Engineer 경력 수시,지마켓글로벌 유한책임회사,서울 강남구
https://kr.indeed.com/viewjob?jk=71b3096554f36014,2022년 제조 장비 지능화 AI융합 인재양성 과정 교육생,한국전자기술연구원,성남 분당구
https://kr.indeed.com/viewjob?jk=35c2ac41489508c1,NPU 런타임 SW 엔지니어,딥엑스,성남 분당구
https://kr.indeed.com/viewjob?jk=355a732b301a7a3a,[CJ Olivenetworks/경력]Cloud Application Engineer,씨제이올리브네트웍스,인천 연수구
https://kr.indeed.com/viewjob?jk=2d887b3032ebc835,"Associate Software Engineer, gReach Program for Veterans (보훈...",Google,서울
https://kr.indeed.com/viewjob?jk=af846ce8ea8351ab,"Software Engineer, Camera 3A",Google,서울
https://kr.indeed.com/viewjob?jk=fba0da3b5f92de95,인공지능(AI) 경력 정규직,한솔인티큐브,서울 마포구
https://kr.indeed.com/viewjob?jk=7ec5ada4ed54ff52,Data Engineer (GCP),비바리퍼블리카,서울 강남구
